jev_expected_delta,marcel_delta,actual_delta
-1.848161500000000332e-02,-9.146535317901549611e-03,1.440700000000000314e-02
-2.310835015432098974e-02,-1.454713064379509202e-02,-2.423300000000000454e-02
-2.162379731481481673e-02,-3.385275364084677774e-02,-2.025199999999999223e-02
2.507726635802470187e-03,-4.379855615889605147e-03,-2.580499999999996685e-02
-1.932659851851852018e-02,-1.541696076990634046e-02,-5.840600000000001346e-02
8.282067314814815437e-03,5.108662585777468124e-03,-1.861299999999999066e-02
-2.284146006172839763e-02,-5.443913325406324333e-02,-8.852899999999996883e-02
2.853145212962963223e-02,1.281382126748298322e-02,8.361599999999996813e-02
-1.248995490740740719e-02,-1.953457219735094119e-02,1.281099999999996131e-02
-1.045390506172839615e-02,-2.737212832758223469e-02,1.564999999999999725e-02
-6.139221697530864927e-03,-2.004694993805705705e-02,-2.284300000000000219e-02
-7.556975586419753532e-03,1.082213903694173585e-02,6.127100000000001989e-02
-2.131217018518518844e-02,-3.719887564547402770e-02,-7.271000000000027441e-03
-1.963780185185185628e-02,-3.356047578813192711e-03,2.315000000000011493e-03
-1.816551811728395541e-02,-8.659508789057301925e-03,-9.890999999999983139e-03
-1.101767117283950631e-02,-2.001984182642968513e-02,4.835699999999998333e-02
-1.992348901234568259e-02,-7.492830342465806037e-02,-9.099000000000001531e-02
-2.889125555555556186e-03,-1.612723087210254924e-02,-3.358400000000000274e-02
3.278118820987654947e-02,2.076049278130498443e-02,7.538500000000003531e-02
-1.061137814814814943e-02,-1.257707693676890504e-03,-3.027099999999999236e-02
-1.287738524691358147e-02,-1.844839681361554184e-02,-3.653200000000000891e-02
4.740883240740742001e-03,-2.869094904988767070e-03,-1.122300000000003850e-02
-1.046865617283950813e-02,-1.870834209681404570e-02,-3.038400000000002210e-02
-9.502708611111113438e-03,-6.305596587358075489e-03,-4.835200000000000609e-02
1.045078956790123498e-02,-8.579480048143905968e-03,-2.043999999999990269e-03
8.081759259259250778e-04,-5.097579224502768458e-03,2.122899999999999787e-02
-5.330620833333333218e-03,-5.056676783931346453e-03,-3.390300000000001646e-02
4.257808179012346692e-03,-3.773562705538413553e-03,1.911200000000001786e-02
-1.282406688271605158e-02,-3.708479081051585524e-02,-5.712699999999998335e-02
-7.977106512345679204e-03,-1.039099494133149948e-02,-7.703999999999988635e-03
-1.919294157407407803e-02,-2.162819181722924755e-02,-5.512900000000003908e-02
-1.171751061728395008e-02,-2.498038565636057085e-02,-5.530400000000001981e-02
-1.209430141975308647e-02,-2.528349853968614447e-02,-5.946000000000006835e-03
-1.026366577160493787e-02,-1.184306804443258088e-02,-1.155600000000001071e-02
-1.492528040123457071e-02,-3.206951341718305981e-02,-4.574499999999998012e-02
-3.298722950617284655e-02,-2.695548886755116946e-02,-4.010900000000000576e-02
2.963134348765432066e-02,2.408721237851074726e-02,2.842200000000000282e-02
1.453197055555555811e-02,-1.409740409287763008e-04,-2.817000000000013937e-03
-1.160640413580247068e-02,-3.015883338437508332e-02,-1.185700000000000642e-02
-1.153875845679012448e-02,-1.414969770305335439e-02,-2.770500000000003515e-02
-1.028579243827160324e-02,-2.617949387987639209e-02,-1.281399999999999206e-02
-8.522433734567902430e-03,-2.635172251135647903e-02,1.106699999999999351e-02
3.445917299382716265e-02,1.143636855934898611e-02,5.472799999999999887e-02
-1.108968086419754272e-03,6.374111658865921903e-03,-3.044999999999964402e-03
-8.353897314814815594e-03,-1.269394839547655085e-02,-5.049300000000001010e-02
-5.826709751839381779e-03,-1.642578938676353406e-02,-1.120199999999998974e-02
-3.008472128694350631e-03,-5.426457297739772923e-03,-1.336999999999999300e-02
4.915882006172840775e-03,2.655478960467988481e-02,1.178599999999996317e-02
9.928483549382716503e-03,2.586212705425194880e-03,-2.394100000000004558e-02
3.466925000000000475e-03,-3.586307519265141686e-03,-1.000599999999995937e-02
-5.931264722222223326e-03,-3.068741575108113739e-03,-9.776000000000006906e-03
5.494686080246914510e-03,1.732145307277987989e-02,3.124599999999999600e-02
-1.625943796296296399e-03,-9.820878881485584078e-03,-1.963999999999999080e-02
1.066313685185185309e-02,1.060417274144148658e-02,6.541999999999992266e-03
-7.991857623456791182e-03,-2.147844633152262706e-02,2.206000000000041261e-03
-8.526121512345679124e-03,-1.674416655364924233e-02,-5.229700000000003790e-02
-2.790353796296295152e-03,1.719784534436386014e-03,1.778899999999999926e-02
1.621733089506173162e-02,-7.137598809929701638e-03,-3.545999999999993602e-03
3.767560123456790457e-03,8.350173492795431862e-03,2.828999999999998183e-02
-1.142354040123456753e-02,-2.863347982744818276e-02,-1.615199999999999969e-02
1.649428111111111289e-02,2.189168775758665308e-02,1.388600000000000945e-02
-8.727424135802467481e-03,-1.514999228330132786e-02,-2.735300000000001619e-02
-8.727000339506171822e-03,-1.013747657171010230e-02,-1.906099999999999461e-02
-2.035366379629629727e-02,-1.171794782121121647e-02,-6.789400000000000990e-02
6.357613364197531314e-03,5.482881244657844544e-03,-1.885999999999998789e-02
-1.066627101851851805e-02,-2.094023562321356557e-02,-9.280999999999983707e-03
-1.461287129629629949e-02,-3.868043193243730915e-02,-2.297099999999996367e-02
3.135300740740740600e-03,-5.236324427751071209e-03,-1.048599999999999532e-02
-1.569609512345679012e-02,-4.846557941022283655e-02,-3.903900000000004589e-02
-1.193356435185185214e-02,-4.902276746977496380e-02,-5.118200000000000527e-02
1.471412364197531054e-02,4.050242547839566498e-02,6.911600000000001076e-02
1.501022339506172774e-02,8.479235836451881614e-03,7.090000000000040714e-03
-4.598742098765431011e-03,-4.935547081344138221e-03,-2.048999999999967514e-03
-1.201928018518518514e-02,-2.005770616830498954e-02,-6.409800000000004383e-02
1.139296793209876660e-02,8.235616575306636822e-03,1.861899999999999666e-02
-2.666846975308641201e-03,-3.370747520091033067e-03,-2.567700000000000538e-02
5.614199074074087198e-04,-1.164900065514451466e-03,-2.515899999999998693e-02
9.382107098765442429e-04,1.011951288829582296e-04,3.076100000000003831e-02
-8.871296820987655332e-03,-2.294164084427202654e-02,-4.398000000000001908e-02
-1.499292608024691692e-02,-3.414963400658516113e-02,-9.512200000000003985e-02
-2.125328209876544642e-03,-1.841437549245861227e-02,-4.204700000000000104e-02
-8.920927407407406792e-03,-2.080262435874336013e-03,3.445999999999949104e-03
-3.476002870370370999e-03,3.280358492436741269e-03,2.716999999999969440e-03
3.820812870370370647e-03,5.809601761972704725e-03,2.963199999999999168e-02
1.408396018518518877e-03,-1.062335915072498693e-02,-5.587999999999981871e-03
1.500789129629629716e-02,5.263787040948930684e-03,7.050400000000001111e-02
-1.142354040123456753e-02,-1.203925468635358431e-02,1.921800000000001285e-02
1.131713981481481494e-03,8.450728843864663276e-03,-7.853999999999972115e-03
7.331784074074074176e-03,1.735453787255336611e-02,-2.675299999999997125e-02
6.188498456790130203e-04,-3.152847589305785014e-03,-1.202399999999997915e-02
-6.322382839506172567e-03,-3.187914550448645024e-03,1.165000000000027125e-03
2.896149567901235011e-02,3.882564432276913724e-03,2.147999999999999909e-02
-1.848530277777777828e-02,-2.211147234594251776e-02,-2.304600000000001092e-02
-6.985768302469135514e-03,-1.262278436268859938e-02,6.762999999999963485e-03
1.948448456790122848e-04,-1.849773159080542184e-02,-5.806800000000000850e-02
-2.099161296296297823e-03,-2.862671433933910992e-02,-1.682000000000016815e-03
3.020943691358024541e-02,1.508119722707085275e-02,7.745099999999999207e-02
-9.624878425925926378e-03,-1.509763937348568286e-02,-3.727099999999999858e-02
2.814359799382716229e-02,3.267067467881223930e-02,1.715200000000000058e-02
-5.328204444444446103e-03,4.511868462494295073e-03,-9.631100000000003547e-02
-1.729792422839506599e-02,-3.571456323230165486e-02,-3.295599999999998531e-02
-3.664410030864196938e-03,1.987778561101827268e-02,-1.991500000000001602e-02
9.612810462962962516e-03,2.052663189622000450e-02,-4.298999999999997268e-03
-7.369510864197531368e-03,-1.562428288728773262e-02,-2.371600000000001485e-02
1.767097317901234615e-02,-4.142530129779109505e-03,-2.810699999999999310e-02
-6.329334598765432029e-03,-1.929818558258333816e-02,-5.096499999999998254e-02
1.532220870370370504e-02,1.157236498557367987e-02,-1.764099999999996227e-02
2.401192015432098911e-02,2.462659006454986921e-02,4.909800000000003051e-02
-7.653634074074074437e-03,-9.762640671784339474e-03,4.528399999999999093e-02
1.163370407407407665e-02,1.069378385655478381e-02,2.011200000000001875e-02
-5.005155802469136127e-03,2.373333966256552241e-03,9.805999999999981398e-03
1.423857777777777891e-03,-1.693236824055588396e-03,3.312399999999998679e-02
1.372449117283950498e-02,1.283595836589884742e-02,-1.561699999999999200e-02
8.301198179012345829e-03,1.837602932379767129e-02,-3.070000000000017160e-04
-3.535222839506172669e-03,-7.897641449602477159e-03,1.061000000000000831e-02
2.062964672839506103e-02,1.311501352599764303e-02,2.088600000000001566e-02
-8.171033580246914174e-03,-1.140076611454854394e-02,-3.007099999999995887e-02
-8.551512160493827258e-03,-3.736050432489335105e-02,-4.504799999999997695e-02
-2.047129824074074220e-02,-2.306287882761559604e-02,-1.484099999999999309e-02
1.046205546296296446e-02,1.362387593792979690e-02,-2.075199999999999267e-02
2.946740805555556064e-02,1.690044352982023046e-02,2.905699999999999950e-02
-1.238211240740740710e-02,-4.513868979861551667e-02,-4.379600000000000160e-02
9.464760586419753915e-03,2.009381976741553277e-02,-2.896600000000004727e-02
2.407220370370372726e-04,9.783388238679635585e-03,1.701700000000000434e-02
2.989745160493827505e-02,1.138914808424695835e-02,2.310899999999999066e-02
2.050790070987654201e-02,9.325399598912487154e-03,2.852599999999999580e-02
1.426450675925926108e-02,1.429914218912675672e-02,-1.495600000000002483e-02
-2.106166077160493907e-02,-1.686287216977927494e-02,6.300000000000194333e-04
5.475536543209877718e-03,3.330076358713890405e-02,1.342599999999999349e-02
-1.152088030864197379e-02,-9.118903867529171148e-03,-9.630600000000003047e-02
-6.037835833333332104e-03,-2.131376282989505544e-02,-3.230199999999999738e-02
3.760184567901234901e-03,4.908078158262885182e-03,-6.626999999999994007e-03
2.176761592592592678e-02,1.435524561185647086e-02,5.507999999999996232e-02
4.286105555555564783e-04,1.958751528958246890e-03,-3.073299999999995480e-02
2.847065956790124745e-03,1.068546779360302068e-02,1.007700000000000262e-02
2.283984774691358299e-02,2.082856664474763697e-02,5.670799999999998064e-02
1.459681069958851970e-04,3.246830254350674405e-02,-7.189999999999696634e-04
-8.397847530864198037e-03,-5.786141106899567177e-03,3.340000000000009628e-03
2.416352469135807542e-04,-9.820479833937911796e-03,4.029599999999999849e-02
4.770817901234652937e-05,-8.089416354699507927e-03,-3.221499999999999364e-02
3.176936345679012841e-02,1.465063080717676769e-02,4.746800000000001019e-02
-3.596340555555555072e-03,-1.756029641291634302e-02,-3.329100000000001502e-02
2.451783253086419964e-02,7.549613805196578320e-02,6.222000000000002529e-02
1.374037672839506334e-02,1.217508602379524518e-02,3.259600000000001385e-02
-1.045759283950617284e-02,-1.550434546392137625e-02,2.284900000000000819e-02
3.182091141975309720e-03,1.184584832456136994e-02,6.443599999999999328e-02
3.991276265432099242e-03,2.394114924431811620e-03,-2.140600000000003611e-02
-4.028024228395060517e-03,-1.110221425849117205e-02,6.448999999999982524e-03
-1.417265617283950752e-03,4.403606434439544248e-03,-1.911400000000001986e-02
1.298657388888888910e-02,3.031884935516965252e-02,2.634499999999995179e-02
8.271042283950623582e-04,-2.931237262494834628e-03,-2.842300000000003157e-02
-6.760649537037037755e-03,-6.264154002193600412e-03,2.637000000000000455e-03
-9.872547654320986896e-03,5.422798480102852814e-03,2.715000000000000746e-02
-5.303852469135799394e-04,-1.388519458667414330e-02,-1.372100000000003872e-02
1.002832413580246988e-02,6.860787290804470917e-03,4.847500000000004583e-02
9.339326790123458205e-03,3.334683331728216515e-02,9.191099999999996495e-02
1.159058277777777826e-02,1.871610961344760682e-02,-3.424300000000002342e-02
5.350102746913581141e-03,1.262423776422222366e-02,2.348099999999997411e-02
5.139595679012333126e-05,-4.442263488430464591e-03,-6.690000000000306812e-04
1.016091225308642099e-02,2.075779098636404418e-02,-1.138899999999998247e-02
-6.210051851851842390e-04,5.392267907647130265e-03,2.048700000000003296e-02
-4.386376141975308236e-03,-8.217204798297517154e-03,-6.048999999999998822e-02
-6.504822777777776593e-03,-9.371824400933870258e-03,1.744400000000001505e-02
3.484702712962962912e-02,6.369516310639911083e-02,3.383900000000000796e-02
-2.864461820987654166e-03,2.675037372920407996e-03,3.682999999999991836e-03
1.137035185185185371e-02,2.460407043224005497e-02,2.211799999999997102e-02
1.637622287037037230e-02,2.972702713506225614e-02,-1.333600000000001451e-02
6.249872334455668955e-03,1.576578014829282948e-02,2.463299999999996048e-02
-6.832830586419754576e-03,-8.211252428019066851e-03,-3.368199999999998973e-02
-9.290766450617283720e-03,4.528460671011091954e-04,1.973799999999997778e-02
-2.971880524691359032e-03,-1.108441059625231428e-02,-1.615499999999997494e-02
1.043070814814814860e-02,2.095504497984962411e-02,-1.448800000000000088e-02
-9.861484320987653346e-03,-8.805612381627025975e-03,-2.817800000000003635e-02
7.240029691358025772e-03,3.245861055840693066e-02,5.856000000000000094e-02
2.219765947530864120e-02,1.686393385427270575e-02,5.041999999999990933e-03
-3.018247129629629023e-03,2.665682144197933923e-03,5.026399999999997537e-02
-5.308746604938264883e-04,4.424457802535863848e-03,3.599099999999999522e-02
-8.526121512345679124e-03,-4.575297859655935717e-03,2.597900000000002985e-02
-4.889024537037038598e-03,-1.791733735416123352e-02,-2.940800000000004522e-02
-8.723520700835510084e-04,-2.811382457128863699e-03,-2.514300000000002644e-02
6.710856203703703497e-03,1.469496216037202707e-03,-1.609500000000002595e-02
1.958003098765432465e-02,4.759132470475380128e-03,5.698300000000000587e-02
-9.818805493827159614e-03,-2.385020905319817919e-02,-3.421499999999999542e-02
-7.709495216049384349e-03,-1.891414687646197912e-03,-5.486099999999999310e-02
-6.433065524691357166e-03,-8.577641129026702949e-03,-1.473700000000000010e-02
-8.152594691358023768e-03,-3.025593421796579641e-02,-8.807000000000009265e-03
-1.100660783950617450e-02,-1.413994323862849400e-02,-4.931499999999999773e-02
2.283984774691358299e-02,3.281665227474306334e-02,1.535399999999997878e-02
7.871154629629629682e-03,4.369787317284806738e-02,6.304400000000004445e-02
1.338662580246913723e-02,2.362753263188266395e-02,3.151699999999996171e-02
-4.562288117283948459e-03,-1.167269737463499935e-02,3.732999999999986329e-03
3.200106234567901432e-03,-2.747888642866791464e-03,2.249999999999752198e-04
1.071270182098765615e-02,3.231677620593947919e-02,5.791099999999999026e-02
-1.024196290123456643e-02,-1.416185091930000084e-02,-2.156200000000002559e-02
-4.922214537037036645e-03,5.849666609867743006e-03,3.798100000000004250e-02
6.334065401234567974e-03,4.472370461903629746e-03,-4.890000000000005453e-03
-6.217011790123456831e-03,-7.809919969515466409e-03,-3.908000000000022567e-03
1.218456175925926137e-02,4.235646755553523768e-02,8.656400000000002981e-02
9.267145740740742252e-03,1.931294128875388205e-02,-1.406999999999997142e-02
-4.057647129629629243e-03,-4.680677787968212655e-03,1.753300000000002079e-02
1.060641756172839636e-02,2.475890772451644350e-02,4.755100000000000993e-02
3.242295648148148073e-03,6.501894717973633053e-03,7.569199999999998152e-02
6.927620586419753687e-03,1.811767375985806616e-02,2.580900000000002636e-02
2.456370972222222254e-02,5.675297649026825320e-02,6.373199999999998311e-02
1.311313734567902097e-03,1.987956497992959815e-02,4.910399999999998100e-02
-3.403326697530865454e-03,-1.574105816867121810e-03,-1.809999999999867271e-04
-7.903846080246914110e-03,7.633065079626411009e-03,2.997100000000002540e-02
2.984052500000000229e-03,4.337484526901302928e-03,1.462999999999992085e-03
5.002879783950617103e-03,-6.173090218984378375e-04,-1.624000000000014321e-03
-6.616353055555555980e-03,-4.448419020562865978e-03,3.140900000000002024e-02
-5.324092870370369414e-03,-1.678290565914808408e-02,-5.236099999999999088e-02
-1.230224691358024246e-03,-1.596888481546326899e-02,-4.428500000000001879e-02
-2.214566657407407435e-02,-1.519607036560605140e-02,-5.780000000000007354e-03
2.651149040123456854e-02,3.761548454662905216e-02,4.984600000000000142e-02
3.204015246913580021e-03,-1.807037734179728350e-02,2.573399999999997911e-02
-1.044162592592593223e-03,9.618317118760266737e-04,-2.412500000000000755e-02
6.905207067901234126e-03,2.124737471225474073e-02,-6.686999999999998501e-03
8.524693086419753152e-03,3.457569372571023258e-03,-1.138600000000000723e-02
-2.761363185185185254e-02,-4.316531961570757581e-02,-3.807299999999996798e-02
1.691212688271604911e-02,4.210157662039187842e-02,3.020800000000001262e-02
5.566443333333333070e-03,4.204606856193837672e-03,-1.265000000000016112e-03
1.259871975308642263e-02,1.904458917828327769e-02,-2.009299999999997199e-02
1.021741944444445015e-03,1.892721425180760031e-02,8.582999999999951779e-03
1.011503506172839462e-02,2.155938209711594222e-02,4.457099999999997175e-02
-2.579980067901235102e-02,-6.735584312276832186e-03,-4.720299999999999496e-02
-1.392601882716048949e-03,2.298889728651665187e-03,-2.890000000000003677e-03
6.559542345679012995e-03,3.850394009623664404e-02,1.343100000000002625e-02
